"title","popularity","vote_average","release_date"
"Blue Beetle","2994.357","7.139","2023-08-16"
"Gran Turismo","2680.593","8.068","2023-08-09"
"A Female Boss with Big Tits and Her Cherry Boy Colleague Stay in the Same Room on a Business Trip - She Seduces Him for Fun and Makes Him Cum 10 Times - Yua Mikami","2020.286","9.0","2020-01-16"
"The Nun II","1692.778","6.545","2023-09-06"
"Meg 2: The Trench","1567.273","6.912","2023-08-02"
"Retribution","1547.22","6.816","2023-08-23"
"Talk to Me","1458.514","7.214","2023-07-26"
"Fast X","1175.267","7.265","2023-05-17"
"Sound of Freedom","1111.036","7.973","2023-07-03"
"Barbie","1069.34","7.279","2023-07-19"
"Elemental","1008.942","7.757","2023-06-14"
"Operation Napoleon","982.611","7.04","2023-01-26"
"No One Will Save You","961.212","6.897","2023-09-22"
"Saw X","949.967","7.321","2023-09-26"
"Carl's Date","819.429","7.831","2023-06-15"
"The Black Book","810.288","7.667","2023-09-22"
"Incest Mother Sister W Azumi Kinoshita Okita Anzunashi","803.324","8.0","2014-08-01"
"Let Her Kill You","780.608","6.917","2023-03-08"
"Class Reunion Cuckolding - My Beloved Wife And Her Asshole Ex-Boyfriend Reignite Their Old Flame - Yua Mikami","759.744","7.0","2019-08-19"
"While My Boss Was Away On A Business Trip, I Fucked The Shit Out Of The Boss's Wife For 3 Whole Days. Tsukasa Aoi","751.806","8.8","2019-07-19"
