"title","vote_average","rank"
"Prison High Pressure","9.2","1"
"BTS World Tour: Love Yourself - Japan Edition","9.172","2"
"Break the Silence: The Movie","9.154","3"
"BTS Permission to Dance On Stage - Seoul: Live Viewing","9.018","4"
"Franco Escamilla: por la anécdota","9.0","5"
"BTS: Permission to Dance on Stage - LA","8.993","6"
"The Godfather Trilogy: 1901-1980","8.917","7"
"The Three Deaths of Marisela Escobedo","8.904","8"
"Metallica & San Francisco Symphony: S&M2","8.759","9"
"Nirvana: Unplugged In New York","8.717","10"
"The Godfather","8.707","11"
"The Shawshank Redemption","8.702","12"
"Chivas: The Movie","8.655","13"
"BLACKPINK: Arena Tour 2018 'Special Final in Kyocera Dome Osaka'","8.652","14"
"Macario","8.645","15"
"Folklore: The Long Pond Studio Sessions","8.635","16"
"Taylor Swift: The 1989 World Tour - Live","8.6","17"
"Franco Escamilla: bienvenido al mundo","8.6","17"
"Everybody’s Everything","8.6","17"
"The Godfather Part II","8.591","20"
