"title","vote_average","year","row_num"
"Jar Media The Movie - Part 3 - Alive Reckoning","0.0","2099","1"
"The Movie You Will Never See","0.0","2099","2"
"100 Years","0.0","2099","3"
"De verkeerde bril","0.0","2085","1"
"Jar Media: Escape 2 Swindon","0.0","2077","1"
"La Grève des ouvriers de Margoline","0.0","2074","1"
"Fast X Part 2 2 Fast X Too Furious Too Serious...A Little Curious","0.0","2069","1"
"Escapism","0.0","2066","1"
"Pikkuinen...","0.0","2061","1"
"As Crônicas de Aleevar: A Guerra e a Desordem - 3º Ato","0.0","2059","1"
"The Truth About Humans","0.0","2058","1"
"As Crônicas de Aleevar: A Guerra e a Desordem - 2º Ato","0.0","2057","1"
"Athens dances Rock 'n' Roll","0.0","2057","2"
"Onnen saari","0.0","2055","1"
"Revenant Sight","0.0","2052","1"
"World War","0.0","2050","1"
"Dopo la sigaretta","0.0","2045","1"
"Sound Of Gunfire","0.0","2044","1"
"One Shot Left","0.0","2043","1"
"Wise Guy","0.0","2041","1"
"The Realmwalkers","0.0","2041","2"
"VERMIN","0.0","2040","1"
"The Great Maximilian","0.0","2038","1"
"BadCop","0.0","2037","1"
"THREEFUTURES","0.0","2036","1"
"Toy Story 7","0.0","2036","2"
"Tatort: Solange du atmest","0.0","2035","1"
"El DJtola : Una Ultima Batalla","0.0","2035","2"
"Lord of Mysteries: The Fool","0.0","2035","3"
"Wild in the Snow","0.0","2034","1"
